Workbook

Sheet Dashboard
A1: Grocery & Pantry Budget Tracker
A3: Monthly Budget $ | B3: Monthly Spent $ | C3: Under Budget $ | D3: Avg Trip Cost $
A4: =Settings!B2 | B4: =SUM(Shopping!D:D) | C4: =Settings!B2-SUM(Shopping!D:D) | D4: =AVERAGE(Shopping!D:D)

Sheet Shopping Log
A1: Date | B1: Store | C1: Items Bought | D1: Total $ | E1: Category Split
A2: 2024-01-15 | C2: Chicken, rice, vegetables, dairy | D2: 87.50 | E2: Food 70%, Household 30%
A3: 2024-01-15 | C3: Chicken, rice, vegetables, dairy | D3: 87.50 | E3: Food 70%, Household 30%
A4: 2024-01-15 | C4: Chicken, rice, vegetables, dairy | D4: 87.50 | E4: Food 70%, Household 30%
A5: 2024-01-15 | C5: Chicken, rice, vegetables, dairy | D5: 87.50 | E5: Food 70%, Household 30%
A6: 2024-01-15 | C6: Chicken, rice, vegetables, dairy | D6: 87.50 | E6: Food 70%, Household 30%
A7: 2024-01-15 | C7: Chicken, rice, vegetables, dairy | D7: 87.50 | E7: Food 70%, Household 30%
A8: 2024-01-15 | C8: Chicken, rice, vegetables, dairy | D8: 87.50 | E8: Food 70%, Household 30%
A9: 2024-01-15 | C9: Chicken, rice, vegetables, dairy | D9: 87.50 | E9: Food 70%, Household 30%
A10: 2024-01-15 | C10: Chicken, rice, vegetables, dairy | D10: 87.50 | E10: Food 70%, Household 30%
A11: 2024-01-15 | C11: Chicken, rice, vegetables, dairy | D11: 87.50 | E11: Food 70%, Household 30%
A12: 2024-01-15 | C12: Chicken, rice, vegetables, dairy | D12: 87.50 | E12: Food 70%, Household 30%
A13: 2024-01-15 | C13: Chicken, rice, vegetables, dairy | D13: 87.50 | E13: Food 70%, Household 30%
... A16: 2024-01-15 | C16: Chicken, rice, vegetables, dairy | D16: 87.50 | E16: Food 70%, Household 30%

Sheet Weekly Budget
A1: Week | B1: Budget $ | C1: Spent $ | D1: Under/Over $ | E1: Notes
A2: Week 1 - Jan | B2: 150 | C2: 132 | D2: =C2-D2 | E2: Costco run this week
A3: Week 1 - Jan | B3: 150 | C3: 132 | D3: =C3-D3 | E3: Costco run this week
A4: Week 1 - Jan | B4: 150 | C4: 132 | D4: =C4-D4 | E4: Costco run this week
A5: Week 1 - Jan | B5: 150 | C5: 132 | D5: =C5-D5 | E5: Costco run this week
A6: Week 1 - Jan | B6: 150 | C6: 132 | D6: =C6-D6 | E6: Costco run this week
A7: Week 1 - Jan | B7: 150 | C7: 132 | D7: =C7-D7 | E7: Costco run this week
A8: Week 1 - Jan | B8: 150 | C8: 132 | D8: =C8-D8 | E8: Costco run this week
A9: Week 1 - Jan | B9: 150 | C9: 132 | D9: =C9-D9 | E9: Costco run this week
A10: Week 1 - Jan | B10: 150 | C10: 132 | D10: =C10-D10 | E10: Costco run this week
A11: Week 1 - Jan | B11: 150 | C11: 132 | D11: =C11-D11 | E11: Costco run this week
A12: Week 1 - Jan | B12: 150 | C12: 132 | D12: =C12-D12 | E12: Costco run this week
A13: Week 1 - Jan | B13: 150 | C13: 132 | D13: =C13-D13 | E13: Costco run this week

Sheet Price List
A1: Item | B1: Walmart $ | C1: Costco $ | D1: Aldi $ | E1: Best Price | F1: Best Store
A2: Chicken Breast (1kg) | B2: 6.49 | C2: 4.89 | D2: 5.29 | E2: =MIN(B2:D2) | F2: Costco
A3: Chicken Breast (1kg) | B3: 6.49 | C3: 4.89 | D3: 5.29 | E3: =MIN(B3:D3) | F3: Costco
A4: Chicken Breast (1kg) | B4: 6.49 | C4: 4.89 | D4: 5.29 | E4: =MIN(B4:D4) | F4: Costco
A5: Chicken Breast (1kg) | B5: 6.49 | C5: 4.89 | D5: 5.29 | E5: =MIN(B5:D5) | F5: Costco
A6: Chicken Breast (1kg) | B6: 6.49 | C6: 4.89 | D6: 5.29 | E6: =MIN(B6:D6) | F6: Costco
A7: Chicken Breast (1kg) | B7: 6.49 | C7: 4.89 | D7: 5.29 | E7: =MIN(B7:D7) | F7: Costco
A8: Chicken Breast (1kg) | B8: 6.49 | C8: 4.89 | D8: 5.29 | E8: =MIN(B8:D8) | F8: Costco
A9: Chicken Breast (1kg) | B9: 6.49 | C9: 4.89 | D9: 5.29 | E9: =MIN(B9:D9) | F9: Costco
A10: Chicken Breast (1kg) | B10: 6.49 | C10: 4.89 | D10: 5.29 | E10: =MIN(B10:D10) | F10: Costco
A11: Chicken Breast (1kg) | B11: 6.49 | C11: 4.89 | D11: 5.29 | E11: =MIN(B11:D11) | F11: Costco
A12: Chicken Breast (1kg) | B12: 6.49 | C12: 4.89 | D12: 5.29 | E12: =MIN(B12:D12) | F12: Costco
A13: Chicken Breast (1kg) | B13: 6.49 | C13: 4.89 | D13: 5.29 | E13: =MIN(B13:D13) | F13: Costco
... A21: Chicken Breast (1kg) | B21: 6.49 | C21: 4.89 | D21: 5.29 | E21: =MIN(B21:D21) | F21: Costco

Sheet Monthly Summary
A1: Reports — Auto-Generated
A3: Grocery Summary
A4: Monthly Budget | B4: =Settings!B2
A5: Monthly Spent | B5: =SUM(Shopping!D:D)
A6: Total Saved | B6: =Settings!B2-SUM(Shopping!D:D)
