Workbook

Sheet 📖 START HERE
A1: Invoice & Client Tracker — Quick Start Guide
B3: Welcome! Follow these steps and your dashboard fills itself. ✨
A5: 1 | B5: Open '🧾 Invoices' and enter each invoice in the YELLOW cells.
A7: 2 | B7: Set the Status (Draft / Sent / Paid / Overdue) from the dropdown.
A9: 3 | B9: Add your clients in the '👥 Clients' tab — their totals calculate automatically.
A11: 4 | B11: Check '🏠 DASHBOARD' for outstanding payments and collection rate.
B14: 💡 TIPS
B15: • Use the same client name spelling in both tabs so totals match.
B16: • Tax % accepts values like 0.21 for 21% VAT.
B17: • Mark invoices as Overdue to see them highlighted on the dashboard.
B18: • Works in Google Sheets and Microsoft Excel.
B21: Need help? Message me on Etsy — I reply within 24h 🧡 | NasriTools

Sheet 🏠 DASHBOARD
A1: 🧾 INVOICE & CLIENT DASHBOARD
A3: TOTAL BILLED | B3: TOTAL PAID | C3: OUTSTANDING | D3: OVERDUE
A4: =SUM('🧾 Invoices'!$G$3:$G$200) | B4: =SUMIF('🧾 Invoices'!$H$3:$H$200,"Paid",'🧾 Invoices'!$G$3:$G$200) | C4: =A4-B4 | D4: =SUMIF('🧾 Invoices'!$H$3:$H$200,"Overdue",'🧾 Invoices'!$G$3:$G$200)
A7: INVOICES SENT | B7: PAID COUNT | C7: AVG INVOICE | D7: COLLECTION RATE
A8: =COUNTA('🧾 Invoices'!$A$3:$A$200) | B8: =COUNTIF('🧾 Invoices'!$H$3:$H$200,"Paid") | C8: =IFERROR(AVERAGE('🧾 Invoices'!$G$3:$G$200),0) | D8: =IFERROR(B4/A4,0)
A30: ✏️ Log invoices in '🧾 Invoices' and clients in '👥 Clients' — totals update automatically.

Sheet 🧾 Invoices
A1: Invoice Tracker — Log every invoice you send
A2: Invoice # | B2: Date | C2: Client | D2: Description | E2: Amount | F2: Tax % | G2: Total | H2: Status | I2: Paid Date
G3: =IFERROR(E3*(1+F3),"")
G4: =IFERROR(E4*(1+F4),"")
G5: =IFERROR(E5*(1+F5),"")
G6: =IFERROR(E6*(1+F6),"")
G7: =IFERROR(E7*(1+F7),"")
G8: =IFERROR(E8*(1+F8),"")
G9: =IFERROR(E9*(1+F9),"")
G10: =IFERROR(E10*(1+F10),"")
G11: =IFERROR(E11*(1+F11),"")
G12: =IFERROR(E12*(1+F12),"")
G13: =IFERROR(E13*(1+F13),"")
G14: =IFERROR(E14*(1+F14),"")
... G199: =IFERROR(E199*(1+F199),"")

Sheet 👥 Clients
A1: Client | B1: Email | C1: Phone | D1: Total Billed | E1: Total Paid | F1: Outstanding
D2: =SUMIF('🧾 Invoices'!$C$3:$C$200,$A2,'🧾 Invoices'!$G$3:$G$200) | E2: =SUMIFS('🧾 Invoices'!$G$3:$G$200,'🧾 Invoices'!$C$3:$C$200,$A2,'🧾 Invoices'!$H$3:$H$200,"Paid") | F2: =D2-E2
D3: =SUMIF('🧾 Invoices'!$C$3:$C$200,$A3,'🧾 Invoices'!$G$3:$G$200) | E3: =SUMIFS('🧾 Invoices'!$G$3:$G$200,'🧾 Invoices'!$C$3:$C$200,$A3,'🧾 Invoices'!$H$3:$H$200,"Paid") | F3: =D3-E3
D4: =SUMIF('🧾 Invoices'!$C$3:$C$200,$A4,'🧾 Invoices'!$G$3:$G$200) | E4: =SUMIFS('🧾 Invoices'!$G$3:$G$200,'🧾 Invoices'!$C$3:$C$200,$A4,'🧾 Invoices'!$H$3:$H$200,"Paid") | F4: =D4-E4
D5: =SUMIF('🧾 Invoices'!$C$3:$C$200,$A5,'🧾 Invoices'!$G$3:$G$200) | E5: =SUMIFS('🧾 Invoices'!$G$3:$G$200,'🧾 Invoices'!$C$3:$C$200,$A5,'🧾 Invoices'!$H$3:$H$200,"Paid") | F5: =D5-E5
D6: =SUMIF('🧾 Invoices'!$C$3:$C$200,$A6,'🧾 Invoices'!$G$3:$G$200) | E6: =SUMIFS('🧾 Invoices'!$G$3:$G$200,'🧾 Invoices'!$C$3:$C$200,$A6,'🧾 Invoices'!$H$3:$H$200,"Paid") | F6: =D6-E6
D7: =SUMIF('🧾 Invoices'!$C$3:$C$200,$A7,'🧾 Invoices'!$G$3:$G$200) | E7: =SUMIFS('🧾 Invoices'!$G$3:$G$200,'🧾 Invoices'!$C$3:$C$200,$A7,'🧾 Invoices'!$H$3:$H$200,"Paid") | F7: =D7-E7
D8: =SUMIF('🧾 Invoices'!$C$3:$C$200,$A8,'🧾 Invoices'!$G$3:$G$200) | E8: =SUMIFS('🧾 Invoices'!$G$3:$G$200,'🧾 Invoices'!$C$3:$C$200,$A8,'🧾 Invoices'!$H$3:$H$200,"Paid") | F8: =D8-E8
D9: =SUMIF('🧾 Invoices'!$C$3:$C$200,$A9,'🧾 Invoices'!$G$3:$G$200) | E9: =SUMIFS('🧾 Invoices'!$G$3:$G$200,'🧾 Invoices'!$C$3:$C$200,$A9,'🧾 Invoices'!$H$3:$H$200,"Paid") | F9: =D9-E9
D10: =SUMIF('🧾 Invoices'!$C$3:$C$200,$A10,'🧾 Invoices'!$G$3:$G$200) | E10: =SUMIFS('🧾 Invoices'!$G$3:$G$200,'🧾 Invoices'!$C$3:$C$200,$A10,'🧾 Invoices'!$H$3:$H$200,"Paid") | F10: =D10-E10
D11: =SUMIF('🧾 Invoices'!$C$3:$C$200,$A11,'🧾 Invoices'!$G$3:$G$200) | E11: =SUMIFS('🧾 Invoices'!$G$3:$G$200,'🧾 Invoices'!$C$3:$C$200,$A11,'🧾 Invoices'!$H$3:$H$200,"Paid") | F11: =D11-E11
D12: =SUMIF('🧾 Invoices'!$C$3:$C$200,$A12,'🧾 Invoices'!$G$3:$G$200) | E12: =SUMIFS('🧾 Invoices'!$G$3:$G$200,'🧾 Invoices'!$C$3:$C$200,$A12,'🧾 Invoices'!$H$3:$H$200,"Paid") | F12: =D12-E12
D13: =SUMIF('🧾 Invoices'!$C$3:$C$200,$A13,'🧾 Invoices'!$G$3:$G$200) | E13: =SUMIFS('🧾 Invoices'!$G$3:$G$200,'🧾 Invoices'!$C$3:$C$200,$A13,'🧾 Invoices'!$H$3:$H$200,"Paid") | F13: =D13-E13
... D59: =SUMIF('🧾 Invoices'!$C$3:$C$200,$A59,'🧾 Invoices'!$G$3:$G$200) | E59: =SUMIFS('🧾 Invoices'!$G$3:$G$200,'🧾 Invoices'!$C$3:$C$200,$A59,'🧾 Invoices'!$H$3:$H$200,"Paid") | F59: =D59-E59

Sheet 📊 Status Summary
A1: Status | B1: Amount | C1: Count
A2: Draft | B2: =SUMIF('🧾 Invoices'!$H$3:$H$200,$A2,'🧾 Invoices'!$G$3:$G$200) | C2: =COUNTIF('🧾 Invoices'!$H$3:$H$200,$A2)
A3: Sent | B3: =SUMIF('🧾 Invoices'!$H$3:$H$200,$A3,'🧾 Invoices'!$G$3:$G$200) | C3: =COUNTIF('🧾 Invoices'!$H$3:$H$200,$A3)
A4: Paid | B4: =SUMIF('🧾 Invoices'!$H$3:$H$200,$A4,'🧾 Invoices'!$G$3:$G$200) | C4: =COUNTIF('🧾 Invoices'!$H$3:$H$200,$A4)
A5: Overdue | B5: =SUMIF('🧾 Invoices'!$H$3:$H$200,$A5,'🧾 Invoices'!$G$3:$G$200) | C5: =COUNTIF('🧾 Invoices'!$H$3:$H$200,$A5)
