Workbook

Sheet 📖 START HERE
A1: Habit Tracker — Quick Start Guide
B3: Welcome! Follow these steps and your dashboard fills itself. ✨
A5: 1 | B5: Open '✅ Habit Log' and replace the sample habits with your own.
A7: 2 | B7: Set your weekly target for each habit.
A9: 3 | B9: Each day, type 'x' in the day column when you complete a habit.
A11: 4 | B11: Check '🏠 DASHBOARD' to see your streaks and completion rates.
B14: 💡 TIPS
B15: • Start with 3-5 habits only — consistency beats quantity.
B16: • The '📊 Streaks' tab shows which habits you're winning at.
B17: • Duplicate the file each month for a clean start.
B18: • Works in Google Sheets and Microsoft Excel.
B21: Need help? Message me on Etsy — I reply within 24h 🧡 | NasriTools

Sheet 🏠 DASHBOARD
A1: ✅ HABIT TRACKER DASHBOARD
A3: TOTAL HABITS | B3: DAYS TRACKED | C3: BEST HABIT | D3: AVG COMPLETION
A4: =COUNTA('✅ Habit Log'!$A$3:$A$12) | B4: =SUM('✅ Habit Log'!$AH$3:$AH$12) | C4: =IFERROR(INDEX('✅ Habit Log'!A3:A12,MATCH(MAX('✅ Habit Log'!AH3:AH12),'✅ Habit Log'!AH3:AH12,0)),"-") | D4: =IFERROR(AVERAGE('✅ Habit Log'!$AI$3:$AI$12),0)
A7: PERFECT DAYS | B7: TOTAL CHECKS | C7: GOAL/MONTH | D7: PROGRESS
A8: =SUMPRODUCT(('✅ Habit Log'!$AH$3:$AH$12=31)*1) | B8: =SUM('✅ Habit Log'!$AH$3:$AH$12) | C8: =A4*31 | D8: =IFERROR(B8/C8,0)
A30: ✏️ Type 'x' in the '✅ Habit Log' tab — everything updates automatically.

Sheet ✅ Habit Log
A1: Daily Habit Log — Type 'x' when you complete a habit
A2: Habit | B2: Target/Week | C2: 1 | D2: 2 | E2: 3 | F2: 4 | G2: 5 | H2: 6 | I2: 7 | J2: 8 | K2: 9 | L2: 10 | M2: 11 | N2: 12 | O2: 13 | P2: 14 | Q2: 15 | R2: 16 | S2: 17 | T2: 18 | U2: 19 | V2: 20 | W2: 21 | X2: 22 | Y2: 23 | Z2: 24 | AA2: 25 | AB2: 26 | AC2: 27 | AD2: 28 | AE2: 29 | AF2: 30 | AG2: 31 | AH2: Done | AI2: %
A3: Wake up early | B3: 7 | AH3: =COUNTIF(C3:AG3,"x") | AI3: =IFERROR($AH3/31,0)
A4: Exercise 30 min | B4: 7 | AH4: =COUNTIF(C4:AG4,"x") | AI4: =IFERROR($AH4/31,0)
A5: Read 20 pages | B5: 7 | AH5: =COUNTIF(C5:AG5,"x") | AI5: =IFERROR($AH5/31,0)
A6: Drink 2L water | B6: 7 | AH6: =COUNTIF(C6:AG6,"x") | AI6: =IFERROR($AH6/31,0)
A7: No social media | B7: 7 | AH7: =COUNTIF(C7:AG7,"x") | AI7: =IFERROR($AH7/31,0)
A8: Meditate | B8: 7 | AH8: =COUNTIF(C8:AG8,"x") | AI8: =IFERROR($AH8/31,0)
A9: Sleep before 11pm | B9: 7 | AH9: =COUNTIF(C9:AG9,"x") | AI9: =IFERROR($AH9/31,0)
A10: Journal | B10: 7 | AH10: =COUNTIF(C10:AG10,"x") | AI10: =IFERROR($AH10/31,0)
A11: Healthy meal | B11: 7 | AH11: =COUNTIF(C11:AG11,"x") | AI11: =IFERROR($AH11/31,0)
A12: Learn something new | B12: 7 | AH12: =COUNTIF(C12:AG12,"x") | AI12: =IFERROR($AH12/31,0)

Sheet 📊 Streaks
A1: Habit | B1: Days Done | C1: Completion %
A2: Wake up early | B2: ='✅ Habit Log'!AH3 | C2: =IFERROR(B2/31,0)
A3: Exercise 30 min | B3: ='✅ Habit Log'!AH4 | C3: =IFERROR(B3/31,0)
A4: Read 20 pages | B4: ='✅ Habit Log'!AH5 | C4: =IFERROR(B4/31,0)
A5: Drink 2L water | B5: ='✅ Habit Log'!AH6 | C5: =IFERROR(B5/31,0)
A6: No social media | B6: ='✅ Habit Log'!AH7 | C6: =IFERROR(B6/31,0)
A7: Meditate | B7: ='✅ Habit Log'!AH8 | C7: =IFERROR(B7/31,0)
A8: Sleep before 11pm | B8: ='✅ Habit Log'!AH9 | C8: =IFERROR(B8/31,0)
A9: Journal | B9: ='✅ Habit Log'!AH10 | C9: =IFERROR(B9/31,0)
A10: Healthy meal | B10: ='✅ Habit Log'!AH11 | C10: =IFERROR(B10/31,0)
A11: Learn something new | B11: ='✅ Habit Log'!AH12 | C11: =IFERROR(B11/31,0)
