Workbook

Sheet 📖 START HERE
A1: Trading Journal — Quick Start Guide
B3: Welcome! Follow these 4 steps and your dashboard will fill itself. ✨
A5: 1 | B5: Open '📈 Trade Log' and record each trade in the YELLOW cells.
A7: 2 | B7: Fill Entry, Stop Loss, Take Profit and Exit — R:R calculates automatically.
A9: 3 | B9: Mark the Result (Win/Loss/Breakeven) and write your emotion in Notes.
A11: 4 | B11: Check '🏠 DASHBOARD' for your real win rate, profit factor and equity curve.
B14: 💡 TIPS
B15: • The Notes column is the most important — write WHY you entered and how you felt.
B16: • Profit Factor above 1.5 = healthy system. Below 1 = review your strategy.
B17: • Review your journal every week — patterns appear fast.
B18: • Works in Google Sheets and Microsoft Excel.
B21: Need help? Message me on Etsy — I reply within 24h. 🧡 | NasriTools

Sheet 🏠 DASHBOARD
A1: 📊 TRADING PERFORMANCE DASHBOARD
A3: TOTAL TRADES | B3: WIN RATE | C3: NET P&L | D3: AVG R:R
A4: =COUNTA('📈 Trade Log'!$B$3:$B$200) | B4: =IFERROR(COUNTIF('📈 Trade Log'!$H$3:$H$200,"Win")/COUNTA('📈 Trade Log'!$H$3:$H$200),0) | C4: =SUM('📈 Trade Log'!$J$3:$J$200) | D4: =IFERROR(AVERAGE('📈 Trade Log'!$I$3:$I$200),0)
A7: WINS | B7: LOSSES | C7: BEST TRADE | D7: WORST TRADE
A8: =COUNTIF('📈 Trade Log'!$H$3:$H$200,"Win") | B8: =COUNTIF('📈 Trade Log'!$H$3:$H$200,"Loss") | C8: =IFERROR(MAX('📈 Trade Log'!$J$3:$J$200),0) | D8: =IFERROR(MIN('📈 Trade Log'!$J$3:$J$200),0)
A11: AVG WIN | B11: AVG LOSS | C11: PROFIT FACTOR | D11: EXPECTANCY
A12: =IFERROR(SUMIF('📈 Trade Log'!$H$3:$H$200,"Win",'📈 Trade Log'!$J$3:$J$200)/COUNTIF('📈 Trade Log'!$H$3:$H$200,"Win"),0) | B12: =IFERROR(SUMIF('📈 Trade Log'!$H$3:$H$200,"Loss",'📈 Trade Log'!$J$3:$J$200)/COUNTIF('📈 Trade Log'!$H$3:$H$200,"Loss"),0) | C12: =IFERROR(SUMIF('📈 Trade Log'!$H$3:$H$200,"Win",'📈 Trade Log'!$J$3:$J$200)/ABS(SUMIF('📈 Trade Log'!$H$3:$H$200,"Loss",'📈 Trade Log'!$J$3:$J$200)),0) | D12: =IFERROR((B4*A12)+((1-B4)*B12),0)

Sheet 📈 Trade Log
A1: Trade Log — Record every trade here
A2: Date | B2: Symbol | C2: Direction | D2: Entry | E2: Stop Loss | F2: Take Profit | G2: Exit | H2: Result | I2: R:R | J2: P&L | K2: Setup | L2: Notes / Emotion
I3: =IFERROR(ABS((G3-D3)/(D3-E3)),"")
I4: =IFERROR(ABS((G4-D4)/(D4-E4)),"")
I5: =IFERROR(ABS((G5-D5)/(D5-E5)),"")
I6: =IFERROR(ABS((G6-D6)/(D6-E6)),"")
I7: =IFERROR(ABS((G7-D7)/(D7-E7)),"")
I8: =IFERROR(ABS((G8-D8)/(D8-E8)),"")
I9: =IFERROR(ABS((G9-D9)/(D9-E9)),"")
I10: =IFERROR(ABS((G10-D10)/(D10-E10)),"")
I11: =IFERROR(ABS((G11-D11)/(D11-E11)),"")
I12: =IFERROR(ABS((G12-D12)/(D12-E12)),"")
I13: =IFERROR(ABS((G13-D13)/(D13-E13)),"")
I14: =IFERROR(ABS((G14-D14)/(D14-E14)),"")
... I199: =IFERROR(ABS((G199-D199)/(D199-E199)),"")

Sheet 📉 Equity Curve
A1: Trade # | B1: P&L | C1: Cumulative
A2: 1 | B2: =IFERROR('📈 Trade Log'!J3,0) | C2: =SUM($B$2:B2)
A3: 2 | B3: =IFERROR('📈 Trade Log'!J4,0) | C3: =SUM($B$2:B3)
A4: 3 | B4: =IFERROR('📈 Trade Log'!J5,0) | C4: =SUM($B$2:B4)
A5: 4 | B5: =IFERROR('📈 Trade Log'!J6,0) | C5: =SUM($B$2:B5)
A6: 5 | B6: =IFERROR('📈 Trade Log'!J7,0) | C6: =SUM($B$2:B6)
A7: 6 | B7: =IFERROR('📈 Trade Log'!J8,0) | C7: =SUM($B$2:B7)
A8: 7 | B8: =IFERROR('📈 Trade Log'!J9,0) | C8: =SUM($B$2:B8)
A9: 8 | B9: =IFERROR('📈 Trade Log'!J10,0) | C9: =SUM($B$2:B9)
A10: 9 | B10: =IFERROR('📈 Trade Log'!J11,0) | C10: =SUM($B$2:B10)
A11: 10 | B11: =IFERROR('📈 Trade Log'!J12,0) | C11: =SUM($B$2:B11)
A12: 11 | B12: =IFERROR('📈 Trade Log'!J13,0) | C12: =SUM($B$2:B12)
A13: 12 | B13: =IFERROR('📈 Trade Log'!J14,0) | C13: =SUM($B$2:B13)
... A99: 98 | B99: =IFERROR('📈 Trade Log'!J100,0) | C99: =SUM($B$2:B99)
