Workbook

Sheet Dashboard
A1: Inventory Management Tracker
A3: Total SKUs | B3: Low Stock | C3: Stock Value $ | D3: Pending Orders
A4: =COUNTA(Products!A:A)-1 | B4: =COUNTIF(Products!G:G,"Low Stock") | C4: =SUMPRODUCT(Products!C:C,Products!E:E) | D4: =COUNTIF(Orders!F:F,"Pending")

Sheet Products
A1: SKU | B1: Product Name | C1: Quantity | D1: Reorder Point | E1: Cost $ | F1: Value $ | G1: Status | H1: Supplier
A2: PRD-001 | B2: Blue T-Shirt Size M | C2: 45 | D2: 20 | E2: 8.50 | F2: =C2*E2 | H2: ABC Suppliers
A3: PRD-001 | B3: Blue T-Shirt Size M | C3: 45 | D3: 20 | E3: 8.50 | F3: =C3*E3 | H3: ABC Suppliers
A4: PRD-001 | B4: Blue T-Shirt Size M | C4: 45 | D4: 20 | E4: 8.50 | F4: =C4*E4 | H4: ABC Suppliers
A5: PRD-001 | B5: Blue T-Shirt Size M | C5: 45 | D5: 20 | E5: 8.50 | F5: =C5*E5 | H5: ABC Suppliers
A6: PRD-001 | B6: Blue T-Shirt Size M | C6: 45 | D6: 20 | E6: 8.50 | F6: =C6*E6 | H6: ABC Suppliers
A7: PRD-001 | B7: Blue T-Shirt Size M | C7: 45 | D7: 20 | E7: 8.50 | F7: =C7*E7 | H7: ABC Suppliers
A8: PRD-001 | B8: Blue T-Shirt Size M | C8: 45 | D8: 20 | E8: 8.50 | F8: =C8*E8 | H8: ABC Suppliers
A9: PRD-001 | B9: Blue T-Shirt Size M | C9: 45 | D9: 20 | E9: 8.50 | F9: =C9*E9 | H9: ABC Suppliers
A10: PRD-001 | B10: Blue T-Shirt Size M | C10: 45 | D10: 20 | E10: 8.50 | F10: =C10*E10 | H10: ABC Suppliers
A11: PRD-001 | B11: Blue T-Shirt Size M | C11: 45 | D11: 20 | E11: 8.50 | F11: =C11*E11 | H11: ABC Suppliers
A12: PRD-001 | B12: Blue T-Shirt Size M | C12: 45 | D12: 20 | E12: 8.50 | F12: =C12*E12 | H12: ABC Suppliers
A13: PRD-001 | B13: Blue T-Shirt Size M | C13: 45 | D13: 20 | E13: 8.50 | F13: =C13*E13 | H13: ABC Suppliers
... A26: PRD-001 | B26: Blue T-Shirt Size M | C26: 45 | D26: 20 | E26: 8.50 | F26: =C26*E26 | H26: ABC Suppliers

Sheet Orders
A1: Order Date | B1: Supplier | C1: Product | D1: Qty Ordered | E1: Unit Cost $ | F1: Status | G1: Expected Date
A2: 2024-01-15 | B2: ABC Suppliers | C2: Blue T-Shirt Size M | D2: 100 | E2: 8.50 | G2: 2024-02-01
A3: 2024-01-15 | B3: ABC Suppliers | C3: Blue T-Shirt Size M | D3: 100 | E3: 8.50 | G3: 2024-02-01
A4: 2024-01-15 | B4: ABC Suppliers | C4: Blue T-Shirt Size M | D4: 100 | E4: 8.50 | G4: 2024-02-01
A5: 2024-01-15 | B5: ABC Suppliers | C5: Blue T-Shirt Size M | D5: 100 | E5: 8.50 | G5: 2024-02-01
A6: 2024-01-15 | B6: ABC Suppliers | C6: Blue T-Shirt Size M | D6: 100 | E6: 8.50 | G6: 2024-02-01
A7: 2024-01-15 | B7: ABC Suppliers | C7: Blue T-Shirt Size M | D7: 100 | E7: 8.50 | G7: 2024-02-01
A8: 2024-01-15 | B8: ABC Suppliers | C8: Blue T-Shirt Size M | D8: 100 | E8: 8.50 | G8: 2024-02-01
A9: 2024-01-15 | B9: ABC Suppliers | C9: Blue T-Shirt Size M | D9: 100 | E9: 8.50 | G9: 2024-02-01
A10: 2024-01-15 | B10: ABC Suppliers | C10: Blue T-Shirt Size M | D10: 100 | E10: 8.50 | G10: 2024-02-01
A11: 2024-01-15 | B11: ABC Suppliers | C11: Blue T-Shirt Size M | D11: 100 | E11: 8.50 | G11: 2024-02-01
A12: 2024-01-15 | B12: ABC Suppliers | C12: Blue T-Shirt Size M | D12: 100 | E12: 8.50 | G12: 2024-02-01
A13: 2024-01-15 | B13: ABC Suppliers | C13: Blue T-Shirt Size M | D13: 100 | E13: 8.50 | G13: 2024-02-01
... A16: 2024-01-15 | B16: ABC Suppliers | C16: Blue T-Shirt Size M | D16: 100 | E16: 8.50 | G16: 2024-02-01

Sheet Suppliers
A1: Supplier | B1: Contact | C1: Email | D1: Lead Time (days) | E1: Rating
A2: ABC Suppliers | B2: John Wang | C2: john@abcsuppliers.com | D2: 14
A3: ABC Suppliers | B3: John Wang | C3: john@abcsuppliers.com | D3: 14
A4: ABC Suppliers | B4: John Wang | C4: john@abcsuppliers.com | D4: 14
A5: ABC Suppliers | B5: John Wang | C5: john@abcsuppliers.com | D5: 14
A6: ABC Suppliers | B6: John Wang | C6: john@abcsuppliers.com | D6: 14
A7: ABC Suppliers | B7: John Wang | C7: john@abcsuppliers.com | D7: 14
A8: ABC Suppliers | B8: John Wang | C8: john@abcsuppliers.com | D8: 14
A9: ABC Suppliers | B9: John Wang | C9: john@abcsuppliers.com | D9: 14

Sheet Reports
A1: Reports — Auto-Generated
A3: Inventory Summary
A4: Total SKUs | B4: =COUNTA(Products!A:A)-1
A5: Total Stock Value | B5: =SUMPRODUCT(Products!C:C,Products!E:E)
A6: Low Stock Items | B6: =COUNTIF(Products!G:G,"Low Stock")
