Workbook

Sheet Dashboard
A1: Social Media Analytics Dashboard
A3: Total Followers | B3: Monthly Growth | C3: Avg Engagement | D3: Posts This Month
A4: =SUM(Platforms!C:C) | B4: =SUM(Platforms!D:D) | C4: =AVERAGE(Posts!F:F) | D4: =COUNTA(Posts!A:A)-1

Sheet Platforms
A1: Platform | B1: Handle | C1: Followers | D1: Growth (MoM) | E1: Growth %
B2: @nasritools | C2: 12500 | D2: 340 | E2: =TEXT(D2/C2,"0.0%")
B3: @nasritools | C3: 12500 | D3: 340 | E3: =TEXT(D3/C3,"0.0%")
B4: @nasritools | C4: 12500 | D4: 340 | E4: =TEXT(D4/C4,"0.0%")
B5: @nasritools | C5: 12500 | D5: 340 | E5: =TEXT(D5/C5,"0.0%")
B6: @nasritools | C6: 12500 | D6: 340 | E6: =TEXT(D6/C6,"0.0%")
B7: @nasritools | C7: 12500 | D7: 340 | E7: =TEXT(D7/C7,"0.0%")
B8: @nasritools | C8: 12500 | D8: 340 | E8: =TEXT(D8/C8,"0.0%")
B9: @nasritools | C9: 12500 | D9: 340 | E9: =TEXT(D9/C9,"0.0%")

Sheet Posts
A1: Date | B1: Platform | C1: Type | D1: Caption / Title | E1: Reach | F1: Engagement % | G1: Likes
A2: 2024-01-15 | D2: My morning routine | E2: 4500 | F2: 5.2 | G2: 234
A3: 2024-01-15 | D3: My morning routine | E3: 4500 | F3: 5.2 | G3: 234
A4: 2024-01-15 | D4: My morning routine | E4: 4500 | F4: 5.2 | G4: 234
A5: 2024-01-15 | D5: My morning routine | E5: 4500 | F5: 5.2 | G5: 234
A6: 2024-01-15 | D6: My morning routine | E6: 4500 | F6: 5.2 | G6: 234
A7: 2024-01-15 | D7: My morning routine | E7: 4500 | F7: 5.2 | G7: 234
A8: 2024-01-15 | D8: My morning routine | E8: 4500 | F8: 5.2 | G8: 234
A9: 2024-01-15 | D9: My morning routine | E9: 4500 | F9: 5.2 | G9: 234
A10: 2024-01-15 | D10: My morning routine | E10: 4500 | F10: 5.2 | G10: 234
A11: 2024-01-15 | D11: My morning routine | E11: 4500 | F11: 5.2 | G11: 234
A12: 2024-01-15 | D12: My morning routine | E12: 4500 | F12: 5.2 | G12: 234
A13: 2024-01-15 | D13: My morning routine | E13: 4500 | F13: 5.2 | G13: 234
... A21: 2024-01-15 | D21: My morning routine | E21: 4500 | F21: 5.2 | G21: 234

Sheet Monthly Recap
A1: Month | B1: Instagram | C1: YouTube | D1: TikTok | E1: Total | F1: Growth
A2: January 2024 | B2: 8500 | C2: 3200 | D2: 15000 | E2: =C2+D2+E2 | F2: =F2-F{ROW-1}
A3: January 2024 | B3: 8500 | C3: 3200 | D3: 15000 | E3: =C3+D3+E3 | F3: =F3-F{ROW-1}
A4: January 2024 | B4: 8500 | C4: 3200 | D4: 15000 | E4: =C4+D4+E4 | F4: =F4-F{ROW-1}
A5: January 2024 | B5: 8500 | C5: 3200 | D5: 15000 | E5: =C5+D5+E5 | F5: =F5-F{ROW-1}
A6: January 2024 | B6: 8500 | C6: 3200 | D6: 15000 | E6: =C6+D6+E6 | F6: =F6-F{ROW-1}
A7: January 2024 | B7: 8500 | C7: 3200 | D7: 15000 | E7: =C7+D7+E7 | F7: =F7-F{ROW-1}
A8: January 2024 | B8: 8500 | C8: 3200 | D8: 15000 | E8: =C8+D8+E8 | F8: =F8-F{ROW-1}
A9: January 2024 | B9: 8500 | C9: 3200 | D9: 15000 | E9: =C9+D9+E9 | F9: =F9-F{ROW-1}
A10: January 2024 | B10: 8500 | C10: 3200 | D10: 15000 | E10: =C10+D10+E10 | F10: =F10-F{ROW-1}
A11: January 2024 | B11: 8500 | C11: 3200 | D11: 15000 | E11: =C11+D11+E11 | F11: =F11-F{ROW-1}
A12: January 2024 | B12: 8500 | C12: 3200 | D12: 15000 | E12: =C12+D12+E12 | F12: =F12-F{ROW-1}
A13: January 2024 | B13: 8500 | C13: 3200 | D13: 15000 | E13: =C13+D13+E13 | F13: =F13-F{ROW-1}

Sheet Reports
A1: Reports — Auto-Generated
A3: Platform Summary
A4: Total Followers | B4: =SUM(Platforms!C:C)
A5: Total Growth (MoM) | B5: =SUM(Platforms!D:D)
A6: Total Posts | B6: =COUNTA(Posts!A:A)-1
