Workbook

Sheet START HERE
B2: ⚖️ WEIGHT LOSS PROGRESS TRACKER
B4: Body Measurements, Calories & Goals Google Sheets
B6: STEP 1 — Fill in “Weigh In”
B7: Daily or weekly weigh-in log.
B9: STEP 2 — Fill in “Measurements”
B10: Monthly body measurements to track body composition.
B12: STEP 3 — Fill in “Calories”
B13: Daily calorie and macro tracking.
B15: Then open the Dashboard — everything calculates automatically.
B17: TIP: Delete the sample rows once you've seen how it works.
B19: TIP: On Google Sheets? File → Make a copy first, then edit your copy.
B21: TIP: Columns with dropdowns keep your data clean — use them.
B23: Need help? Message NasriTools on Etsy — I reply fast. 🧡

Sheet Weigh In
A1: Date | B1: Day | C1: Weight (lbs) | D1: Change | E1: BMI | F1: Notes
A2: 46174 | B2: Monday | C2: 182 | D2: =C2-C{ROW-1} | E2: 26.2
A3: 46180 | B3: Monday | C3: 128 | D3: =C3-C{ROW-1} | E3: 18.34 | F3: Paid
A4: 46186 | C4: 237 | D4: =C4-C{ROW-1} | E4: 34.06 | F4: Urgent
A5: 46189 | B5: Monday | C5: 155 | D5: =C5-C{ROW-1} | E5: 22.27 | F5: Follow up Friday
A6: 46195 | B6: Monday | C6: 210 | D6: =C6-C{ROW-1} | E6: 30.13
A7: 46201 | C7: 110 | D7: =C7-C{ROW-1} | E7: 15.72 | F7: Monthly
A8: 46176 | B8: Monday | C8: 265 | D8: =C8-C{ROW-1} | E8: 37.99 | F8: Confirmed
A9: 46182 | B9: Monday | C9: 173 | D9: =C9-C{ROW-1} | E9: 24.89
A10: 46188 | C10: 228 | D10: =C10-C{ROW-1} | E10: 32.75 | F10: Waiting reply
A11: 46191 | B11: Monday | C11: 146 | D11: =C11-C{ROW-1} | E11: 20.96 | F11: Done early
A12: 46197 | B12: Monday | C12: 201 | D12: =C12-C{ROW-1} | E12: 28.82
A13: 46175 | C13: 137 | D13: =C13-C{ROW-1} | E13: 19.65 | F13: Recheck

Sheet Dashboard
B2: 📊 WEIGHT LOSS PROGRESS TRACKER — DASHBOARD
B4: CURRENT WEIGHT | D4: STARTING WEIGHT | F4: TOTAL LOST | H4: GOAL WEIGHT
B5: =INDEX(Weigh_In!C:C,COUNTA(Weigh_In!C:C)) | D5: =Weigh_In!C2 | F5: =Weigh_In!C2-INDEX(Weigh_In!C:C,COUNTA(Weigh_In!C:C)) | H5: =Settings!B3
B8: WHAT'S INSIDE
B9: 📊 Weigh In — Daily or weekly weigh-in log.
B10: 📏 Measurements — Monthly body measurements to track body composition.
B11: 🍽️ Calories — Daily calorie and macro tracking.
B12: 📊 Progress Report — Monthly progress summary and rate of loss.
B14: Numbers update automatically as you fill the other tabs. Start with sample data deleted.

Sheet Measurements
A1: Date | B1: Chest (in) | C1: Waist (in) | D1: Hips (in) | E1: Thigh (in) | F1: Arms (in) | G1: Body Fat %
A2: 46174 | B2: 38 | C2: 34 | D2: 42 | E2: 22 | F2: 13 | G2: 22
A3: 46180 | B3: 26.6 | C3: 23.8 | D3: 29.4 | E3: 15.4 | F3: 9.1 | G3: 15.4
A4: 46186 | B4: 49.4 | C4: 44.2 | D4: 54.6 | E4: 28.6 | F4: 16.9 | G4: 28.6
A5: 46189 | B5: 32.3 | C5: 28.9 | D5: 35.7 | E5: 18.7 | F5: 11.05 | G5: 18.7
A6: 46195 | B6: 43.7 | C6: 39.1 | D6: 48.3 | E6: 25.3 | F6: 14.95 | G6: 25.3
A7: 46201 | B7: 22.8 | C7: 20.4 | D7: 25.2 | E7: 13.2 | F7: 7.8 | G7: 13.2
A8: 46176 | B8: 55.1 | C8: 49.3 | D8: 60.9 | E8: 31.9 | F8: 18.85 | G8: 31.9
A9: 46182 | B9: 36.1 | C9: 32.3 | D9: 39.9 | E9: 20.9 | F9: 12.35 | G9: 20.9
A10: 46188 | B10: 47.5 | C10: 42.5 | D10: 52.5 | E10: 27.5 | F10: 16.25 | G10: 27.5
A11: 46191 | B11: 30.4 | C11: 27.2 | D11: 33.6 | E11: 17.6 | F11: 10.4 | G11: 17.6
A12: 46197 | B12: 41.8 | C12: 37.4 | D12: 46.2 | E12: 24.2 | F12: 14.3 | G12: 24.2
A13: 46175 | B13: 28.5 | C13: 25.5 | D13: 31.5 | E13: 16.5 | F13: 9.75 | G13: 16.5

Sheet Calories
A1: Date | B1: Calories | C1: Protein (g) | D1: Carbs (g) | E1: Fat (g) | F1: Exercise Cal | G1: Net Calories
A2: 46174 | B2: 1750 | C2: 145 | D2: 180 | E2: 65 | F2: 350 | G2: =C2-G2
A3: 46180 | B3: 1225 | C3: 102 | D3: 126 | E3: 45.5 | F3: 245 | G3: =C3-G3
A4: 46186 | B4: 2275 | C4: 188 | D4: 234 | E4: 84.5 | F4: 455 | G4: =C4-G4
A5: 46189 | B5: 1488 | C5: 123 | D5: 153 | E5: 55.25 | F5: 298 | G5: =C5-G5
A6: 46195 | B6: 2012 | C6: 167 | D6: 207 | E6: 74.75 | F6: 402 | G6: =C6-G6
A7: 46201 | B7: 1050 | C7: 87 | D7: 108 | E7: 39 | F7: 210 | G7: =C7-G7
A8: 46176 | B8: 2538 | C8: 210 | D8: 261 | E8: 94.25 | F8: 508 | G8: =C8-G8
A9: 46182 | B9: 1662 | C9: 138 | D9: 171 | E9: 61.75 | F9: 332 | G9: =C9-G9
A10: 46188 | B10: 2188 | C10: 181 | D10: 225 | E10: 81.25 | F10: 438 | G10: =C10-G10
A11: 46191 | B11: 1400 | C11: 116 | D11: 144 | E11: 52 | F11: 280 | G11: =C11-G11
A12: 46197 | B12: 1925 | C12: 160 | D12: 198 | E12: 71.5 | F12: 385 | G12: =C12-G12
A13: 46175 | B13: 1312 | C13: 109 | D13: 135 | E13: 48.75 | F13: 262 | G13: =C13-G13

Sheet Progress Report
B2: 📈 PROGRESS REPORT
B4: Weight Loss Summary
B5: Starting Weight | C5: =Weigh_In!C2
B6: Current Weight | C6: =INDEX(Weigh_In!C:C,COUNTA(Weigh_In!C:C))
B7: Total Lost | C7: =Weigh_In!C2-INDEX(Weigh_In!C:C,COUNTA(Weigh_In!C:C))
