Workbook

Sheet START HERE
B2: 💵 SIDE HUSTLE INCOME TRACKER
B4: Multiple Income Streams & Revenue Tracker Google Sheets
B6: STEP 1 — Fill in “Hustles”
B7: All side hustle types with platform and hourly rate.
B9: STEP 2 — Fill in “Income”
B10: All income entries by hustle, date, hours, and amount.
B12: STEP 3 — Fill in “Monthly View”
B13: Month-by-month income from each hustle.
B15: Then open the Dashboard — everything calculates automatically.
B17: TIP: Delete the sample rows once you've seen how it works.
B19: TIP: On Google Sheets? File → Make a copy first, then edit your copy.
B21: TIP: Columns with dropdowns keep your data clean — use them.
B23: Need help? Message NasriTools on Etsy — I reply fast. 🧡

Sheet Hustles
A1: Side Hustle | B1: Platform | C1: Type | D1: Avg Rate $/hr | E1: Status
A2: Freelance Writing | B2: Upwork | C2: Freelance | D2: 45 | E2: Active
A3: Freelance Writing | B3: Upwork | C3: Gig Work | D3: 31.5 | E3: Paused
C4: Content | D4: 58.5 | E4: Testing
A5: Freelance Writing | B5: Upwork | C5: E-commerce | D5: 38.25 | E5: Stopped
A6: Freelance Writing | B6: Upwork | C6: Tutoring | D6: 51.75 | E6: Active
C7: Consulting | D7: 27 | E7: Paused
A8: Freelance Writing | B8: Upwork | C8: Passive | D8: 65.25 | E8: Testing
A9: Freelance Writing | B9: Upwork | C9: Other | D9: 42.75 | E9: Stopped
C10: Freelance | D10: 56.25 | E10: Active
A11: Freelance Writing | B11: Upwork | C11: Gig Work | D11: 36 | E11: Paused
A12: Freelance Writing | B12: Upwork | C12: Content | D12: 49.5 | E12: Testing
C13: E-commerce | D13: 33.75 | E13: Stopped

Sheet Dashboard
B2: 📊 SIDE HUSTLE INCOME TRACKER — DASHBOARD
B4: TOTAL INCOME | D4: TOTAL HOURS | F4: EFFECTIVE RATE | H4: INCOME SOURCES
B5: =SUM(Income!D:D) | D5: =SUM(Income!C:C) | F5: =TEXT(SUM(Income!D:D)/SUM(Income!C:C),"$0.00") | H5: =COUNTA(Hustles!A:A)-1
B8: WHAT'S INSIDE
B9: 💼 Hustles — All side hustle types with platform and hourly rate.
B10: 💰 Income — All income entries by hustle, date, hours, and amount.
B11: 📅 Monthly View — Month-by-month income from each hustle.
B12: 📊 Annual Report — Annual income by hustle with best performing streams.
B14: Numbers update automatically as you fill the other tabs. Start with sample data deleted.

Sheet Income
A1: Date | B1: Hustle | C1: Hours | D1: Income $ | E1: Rate $/hr | F1: Notes
A2: 46174 | B2: Freelance Writing | C2: 4 | D2: 180 | E2: =D2/C2
A3: 46180 | B3: Freelance Writing | C3: 2.8 | D3: 126 | E3: =D3/C3 | F3: Paid
A4: 46186 | C4: 5.2 | D4: 234 | E4: =D4/C4 | F4: Urgent
A5: 46189 | B5: Freelance Writing | C5: 3.4 | D5: 153 | E5: =D5/C5 | F5: Follow up Friday
A6: 46195 | B6: Freelance Writing | C6: 4.6 | D6: 207 | E6: =D6/C6
A7: 46201 | C7: 2.4 | D7: 108 | E7: =D7/C7 | F7: Monthly
A8: 46176 | B8: Freelance Writing | C8: 5.8 | D8: 261 | E8: =D8/C8 | F8: Confirmed
A9: 46182 | B9: Freelance Writing | C9: 3.8 | D9: 171 | E9: =D9/C9
A10: 46188 | C10: 5 | D10: 225 | E10: =D10/C10 | F10: Waiting reply
A11: 46191 | B11: Freelance Writing | C11: 3.2 | D11: 144 | E11: =D11/C11 | F11: Done early
A12: 46197 | B12: Freelance Writing | C12: 4.4 | D12: 198 | E12: =D12/C12
A13: 46175 | C13: 3 | D13: 135 | E13: =D13/C13 | F13: Recheck

Sheet Monthly View
A1: Month | B1: Total Income $ | C1: Total Hours | D1: Effective Rate | E1: Best Hustle
A2: January 2024 | B2: 1850 | C2: 42 | D2: =TEXT(C2/D2,"$0.00") | E2: Freelance Writing
A3: January 2025 | B3: 1295 | C3: 29.4 | D3: =TEXT(C3/D3,"$0.00") | E3: Freelance Writing
A4: January 2026 | B4: 2405 | C4: 54.6 | D4: =TEXT(C4/D4,"$0.00")
A5: January 2027 | B5: 1572 | C5: 35.7 | D5: =TEXT(C5/D5,"$0.00") | E5: Freelance Writing
A6: January 2028 | B6: 2128 | C6: 48.3 | D6: =TEXT(C6/D6,"$0.00") | E6: Freelance Writing
A7: January 2029 | B7: 1110 | C7: 25.2 | D7: =TEXT(C7/D7,"$0.00")
A8: January 2030 | B8: 2682 | C8: 60.9 | D8: =TEXT(C8/D8,"$0.00") | E8: Freelance Writing
A9: January 2031 | B9: 1758 | C9: 39.9 | D9: =TEXT(C9/D9,"$0.00") | E9: Freelance Writing
A10: January 2032 | B10: 2312 | C10: 52.5 | D10: =TEXT(C10/D10,"$0.00")
A11: January 2033 | B11: 1480 | C11: 33.6 | D11: =TEXT(C11/D11,"$0.00") | E11: Freelance Writing
A12: January 2034 | B12: 2035 | C12: 46.2 | D12: =TEXT(C12/D12,"$0.00") | E12: Freelance Writing
A13: January 2035 | B13: 1388 | C13: 31.5 | D13: =TEXT(C13/D13,"$0.00")

Sheet Annual Report
B2: 📈 ANNUAL REPORT
B4: Income Summary
B5: Total Income | C5: =SUM(Income!D:D)
B6: Total Hours | C6: =SUM(Income!C:C)
B7: Best Monthly | C7: =MAX(Monthly_View!B:B)
