Workbook

Sheet Dashboard
A1: SEO Keyword Rank Tracker
A3: Keywords Tracked | B3: Top 10 | C3: Avg Position | D3: Total Backlinks
A4: =COUNTA(Keywords!A:A)-1 | B4: =COUNTIF(Keywords!D:D,"<="&10) | C4: =AVERAGE(Keywords!D:D) | D4: =SUM(Backlinks!C:C)

Sheet Keywords
A1: Keyword | B1: Monthly Volume | C1: Difficulty | D1: Current Rank | E1: Last Month | F1: Change | G1: URL
A2: budget tracker google sheets | B2: 2400 | D2: 8 | E2: 14 | F2: =F2-E2 | G2: /blog/budget-tracker
A3: budget tracker google sheets | B3: 2400 | D3: 8 | E3: 14 | F3: =F3-E3 | G3: /blog/budget-tracker
A4: budget tracker google sheets | B4: 2400 | D4: 8 | E4: 14 | F4: =F4-E4 | G4: /blog/budget-tracker
A5: budget tracker google sheets | B5: 2400 | D5: 8 | E5: 14 | F5: =F5-E5 | G5: /blog/budget-tracker
A6: budget tracker google sheets | B6: 2400 | D6: 8 | E6: 14 | F6: =F6-E6 | G6: /blog/budget-tracker
A7: budget tracker google sheets | B7: 2400 | D7: 8 | E7: 14 | F7: =F7-E7 | G7: /blog/budget-tracker
A8: budget tracker google sheets | B8: 2400 | D8: 8 | E8: 14 | F8: =F8-E8 | G8: /blog/budget-tracker
A9: budget tracker google sheets | B9: 2400 | D9: 8 | E9: 14 | F9: =F9-E9 | G9: /blog/budget-tracker
A10: budget tracker google sheets | B10: 2400 | D10: 8 | E10: 14 | F10: =F10-E10 | G10: /blog/budget-tracker
A11: budget tracker google sheets | B11: 2400 | D11: 8 | E11: 14 | F11: =F11-E11 | G11: /blog/budget-tracker
A12: budget tracker google sheets | B12: 2400 | D12: 8 | E12: 14 | F12: =F12-E12 | G12: /blog/budget-tracker
A13: budget tracker google sheets | B13: 2400 | D13: 8 | E13: 14 | F13: =F13-E13 | G13: /blog/budget-tracker
... A21: budget tracker google sheets | B21: 2400 | D21: 8 | E21: 14 | F21: =F21-E21 | G21: /blog/budget-tracker

Sheet Backlinks
A1: Source Domain | B1: Target URL | C1: Domain Authority | D1: Link Type | E1: Status
A2: techblog.com | B2: /blog/budget-tracker | C2: 45
A3: techblog.com | B3: /blog/budget-tracker | C3: 45
A4: techblog.com | B4: /blog/budget-tracker | C4: 45
A5: techblog.com | B5: /blog/budget-tracker | C5: 45
A6: techblog.com | B6: /blog/budget-tracker | C6: 45
A7: techblog.com | B7: /blog/budget-tracker | C7: 45
A8: techblog.com | B8: /blog/budget-tracker | C8: 45
A9: techblog.com | B9: /blog/budget-tracker | C9: 45
A10: techblog.com | B10: /blog/budget-tracker | C10: 45
A11: techblog.com | B11: /blog/budget-tracker | C11: 45
A12: techblog.com | B12: /blog/budget-tracker | C12: 45
A13: techblog.com | B13: /blog/budget-tracker | C13: 45
... A16: techblog.com | B16: /blog/budget-tracker | C16: 45

Sheet Content Ideas
A1: Content Title | B1: Target Keyword | C1: Volume | D1: Priority | E1: Status
A2: Best Budget Trackers 2024 | B2: best budget tracker | C2: 1800
A3: Best Budget Trackers 2024 | B3: best budget tracker | C3: 1800
A4: Best Budget Trackers 2024 | B4: best budget tracker | C4: 1800
A5: Best Budget Trackers 2024 | B5: best budget tracker | C5: 1800
A6: Best Budget Trackers 2024 | B6: best budget tracker | C6: 1800
A7: Best Budget Trackers 2024 | B7: best budget tracker | C7: 1800
A8: Best Budget Trackers 2024 | B8: best budget tracker | C8: 1800
A9: Best Budget Trackers 2024 | B9: best budget tracker | C9: 1800
A10: Best Budget Trackers 2024 | B10: best budget tracker | C10: 1800
A11: Best Budget Trackers 2024 | B11: best budget tracker | C11: 1800
A12: Best Budget Trackers 2024 | B12: best budget tracker | C12: 1800
A13: Best Budget Trackers 2024 | B13: best budget tracker | C13: 1800

Sheet Reports
A1: Reports — Auto-Generated
A3: SEO Performance
A4: Keywords Tracked | B4: =COUNTA(Keywords!A:A)-1
A5: Top 10 Rankings | B5: =COUNTIF(Keywords!D:D,"<="&10)
A6: Total Backlinks | B6: =SUM(Backlinks!C:C)
