Workbook

Sheet START HERE
B2: 📢 MARKETING BUDGET PLANNER
B4: Ad Spend, ROI & Campaign Tracker Google Sheets
B6: STEP 1 — Fill in “Campaigns”
B7: All campaigns: budget, spend, leads, and revenue.
B9: STEP 2 — Fill in “Monthly Budget”
B10: Monthly marketing budget allocation by channel.
B12: STEP 3 — Fill in “Ad Creative”
B13: Ad creative tracker: what images and copy perform best.
B15: Then open the Dashboard — everything calculates automatically.
B17: TIP: Delete the sample rows once you've seen how it works.
B19: TIP: On Google Sheets? File → Make a copy first, then edit your copy.
B21: TIP: Columns with dropdowns keep your data clean — use them.
B23: Need help? Message NasriTools on Etsy — I reply fast. 🧡

Sheet Campaigns
A1: Campaign | B1: Channel | C1: Budget $ | D1: Spent $ | E1: Leads | F1: Revenue $ | G1: ROAS | H1: Status
A2: Facebook Brand Awareness | B2: Facebook Ads | C2: 1000 | D2: 876 | E2: 45 | F2: 2340 | G2: =F2/D2 | H2: Active
A3: Facebook Brand Awareness | B3: Google Ads | C3: 700 | D3: 613 | E3: 31.5 | F3: 1638 | G3: =F3/D3 | H3: Paused
B4: Instagram | C4: 1300 | D4: 1139 | E4: 58.5 | F4: 3042 | G4: =F4/D4 | H4: Completed
A5: Facebook Brand Awareness | B5: TikTok Ads | C5: 850 | D5: 745 | E5: 38.25 | F5: 1989 | G5: =F5/D5 | H5: Testing
A6: Facebook Brand Awareness | B6: Email | C6: 1150 | D6: 1007 | E6: 51.75 | F6: 2691 | G6: =F6/D6 | H6: Active
B7: SEO | C7: 600 | D7: 526 | E7: 27 | F7: 1404 | G7: =F7/D7 | H7: Paused
A8: Facebook Brand Awareness | B8: YouTube | C8: 1450 | D8: 1270 | E8: 65.25 | F8: 3393 | G8: =F8/D8 | H8: Completed
A9: Facebook Brand Awareness | B9: LinkedIn | C9: 950 | D9: 832 | E9: 42.75 | F9: 2223 | G9: =F9/D9 | H9: Testing
B10: Other | C10: 1250 | D10: 1095 | E10: 56.25 | F10: 2925 | G10: =F10/D10 | H10: Active
A11: Facebook Brand Awareness | B11: Facebook Ads | C11: 800 | D11: 701 | E11: 36 | F11: 1872 | G11: =F11/D11 | H11: Paused
A12: Facebook Brand Awareness | B12: Google Ads | C12: 1100 | D12: 964 | E12: 49.5 | F12: 2574 | G12: =F12/D12 | H12: Completed
B13: Instagram | C13: 750 | D13: 657 | E13: 33.75 | F13: 1755 | G13: =F13/D13 | H13: Testing

Sheet Dashboard
B2: 📊 MARKETING BUDGET PLANNER — DASHBOARD
B4: TOTAL BUDGET $ | D4: TOTAL SPENT $ | F4: TOTAL REVENUE $ | H4: OVERALL ROAS
B5: =SUM(Campaigns!C:C) | D5: =SUM(Campaigns!D:D) | F5: =SUM(Campaigns!F:F) | H5: =TEXT(SUM(Campaigns!F:F)/SUM(Campaigns!D:D),"0.0")
B8: WHAT'S INSIDE
B9: 📊 Campaigns — All campaigns: budget, spend, leads, and revenue.
B10: 📅 Monthly Budget — Monthly marketing budget allocation by channel.
B11: 🎨 Ad Creative — Ad creative tracker: what images and copy perform best.
B12: 📋 Annual Report — Annual marketing ROI summary by channel.
B14: Numbers update automatically as you fill the other tabs. Start with sample data deleted.

Sheet Monthly Budget
A1: Month | B1: Facebook $ | C1: Google $ | D1: Email $ | E1: Other $ | F1: Total $ | G1: Revenue $
A2: January 2024 | B2: 500 | C2: 300 | D2: 50 | E2: 150 | F2: =B2+C2+D2+E2 | G2: 2800
A3: January 2025 | B3: 350 | C3: 210 | D3: 35 | E3: 105 | F3: =B3+C3+D3+E3 | G3: 1960
A4: January 2026 | B4: 650 | C4: 390 | D4: 65 | E4: 195 | F4: =B4+C4+D4+E4 | G4: 3640
A5: January 2027 | B5: 425 | C5: 255 | D5: 42.5 | E5: 128 | F5: =B5+C5+D5+E5 | G5: 2380
A6: January 2028 | B6: 575 | C6: 345 | D6: 57.5 | E6: 172 | F6: =B6+C6+D6+E6 | G6: 3220
A7: January 2029 | B7: 300 | C7: 180 | D7: 30 | E7: 90 | F7: =B7+C7+D7+E7 | G7: 1680
A8: January 2030 | B8: 725 | C8: 435 | D8: 72.5 | E8: 218 | F8: =B8+C8+D8+E8 | G8: 4060
A9: January 2031 | B9: 475 | C9: 285 | D9: 47.5 | E9: 142 | F9: =B9+C9+D9+E9 | G9: 2660
A10: January 2032 | B10: 625 | C10: 375 | D10: 62.5 | E10: 188 | F10: =B10+C10+D10+E10 | G10: 3500
A11: January 2033 | B11: 400 | C11: 240 | D11: 40 | E11: 120 | F11: =B11+C11+D11+E11 | G11: 2240
A12: January 2034 | B12: 550 | C12: 330 | D12: 55 | E12: 165 | F12: =B12+C12+D12+E12 | G12: 3080
A13: January 2035 | B13: 375 | C13: 225 | D13: 37.5 | E13: 112 | F13: =B13+C13+D13+E13 | G13: 2100

Sheet Ad Creative
A1: Creative | B1: Channel | C1: Impressions | D1: CTR % | E1: Conversions | F1: Status
A2: Blue background - discount offer | B2: Facebook | C2: 45000 | D2: 2.4 | E2: 34 | F2: Active
A3: Blue background - discount offer | B3: Instagram | C3: 31500 | D3: 1.68 | E3: 23.8 | F3: Paused
B4: Google | C4: 58500 | D4: 3.12 | E4: 44.2 | F4: Winner
A5: Blue background - discount offer | B5: TikTok | C5: 38250 | D5: 2.04 | E5: 28.9 | F5: Loser
A6: Blue background - discount offer | B6: YouTube | C6: 51750 | D6: 2.76 | E6: 39.1 | F6: Testing
B7: Facebook | C7: 27000 | D7: 1.44 | E7: 20.4 | F7: Active
A8: Blue background - discount offer | B8: Instagram | C8: 65250 | D8: 3.48 | E8: 49.3 | F8: Paused
A9: Blue background - discount offer | B9: Google | C9: 42750 | D9: 2.28 | E9: 32.3 | F9: Winner
B10: TikTok | C10: 56250 | D10: 3 | E10: 42.5 | F10: Loser
A11: Blue background - discount offer | B11: YouTube | C11: 36000 | D11: 1.92 | E11: 27.2 | F11: Testing
A12: Blue background - discount offer | B12: Facebook | C12: 49500 | D12: 2.64 | E12: 37.4 | F12: Active
B13: Instagram | C13: 33750 | D13: 1.8 | E13: 25.5 | F13: Paused

Sheet Annual Report
B2: 📈 ANNUAL REPORT
B4: Marketing ROI Summary
B5: Total Budget | C5: =SUM(Campaigns!C:C)
B6: Total Revenue | C6: =SUM(Campaigns!F:F)
B7: Overall ROAS | C7: =TEXT(SUM(Campaigns!F:F)/SUM(Campaigns!D:D),"0.0x")
