Workbook

Sheet Dashboard
A1: Crypto Portfolio Tracker
A3: Total Value $ | B3: Total Invested $ | C3: Total P&L $ | D3: ROI %
A4: =SUMPRODUCT(Holdings!C:C,Holdings!E:E) | B4: =SUM(Holdings!D:D) | C4: =B4-C4 | D4: =TEXT((B4-C4)/C4,"0.0%")

Sheet Holdings
A1: Coin | B1: Symbol | C1: Quantity | D1: Avg Buy Price | E1: Current Price | F1: Value $ | G1: P&L $
A2: Bitcoin | B2: BTC | C2: 0.5 | D2: 35000 | E2: 42000 | F2: =C2*E2 | G2: =(E2-D2)*C2
A3: Bitcoin | B3: BTC | C3: 0.5 | D3: 35000 | E3: 42000 | F3: =C3*E3 | G3: =(E3-D3)*C3
A4: Bitcoin | B4: BTC | C4: 0.5 | D4: 35000 | E4: 42000 | F4: =C4*E4 | G4: =(E4-D4)*C4
A5: Bitcoin | B5: BTC | C5: 0.5 | D5: 35000 | E5: 42000 | F5: =C5*E5 | G5: =(E5-D5)*C5
A6: Bitcoin | B6: BTC | C6: 0.5 | D6: 35000 | E6: 42000 | F6: =C6*E6 | G6: =(E6-D6)*C6
A7: Bitcoin | B7: BTC | C7: 0.5 | D7: 35000 | E7: 42000 | F7: =C7*E7 | G7: =(E7-D7)*C7
A8: Bitcoin | B8: BTC | C8: 0.5 | D8: 35000 | E8: 42000 | F8: =C8*E8 | G8: =(E8-D8)*C8
A9: Bitcoin | B9: BTC | C9: 0.5 | D9: 35000 | E9: 42000 | F9: =C9*E9 | G9: =(E9-D9)*C9
A10: Bitcoin | B10: BTC | C10: 0.5 | D10: 35000 | E10: 42000 | F10: =C10*E10 | G10: =(E10-D10)*C10
A11: Bitcoin | B11: BTC | C11: 0.5 | D11: 35000 | E11: 42000 | F11: =C11*E11 | G11: =(E11-D11)*C11
A12: Bitcoin | B12: BTC | C12: 0.5 | D12: 35000 | E12: 42000 | F12: =C12*E12 | G12: =(E12-D12)*C12
A13: Bitcoin | B13: BTC | C13: 0.5 | D13: 35000 | E13: 42000 | F13: =C13*E13 | G13: =(E13-D13)*C13
... A16: Bitcoin | B16: BTC | C16: 0.5 | D16: 35000 | E16: 42000 | F16: =C16*E16 | G16: =(E16-D16)*C16

Sheet Transactions
A1: Date | B1: Coin | C1: Type | D1: Quantity | E1: Price $ | F1: Total $ | G1: Fee $ | H1: Exchange
A2: 2024-01-10 | B2: ETH | D2: 1.5 | E2: 2200 | F2: =D2*E2 | G2: 3.50
A3: 2024-01-10 | B3: ETH | D3: 1.5 | E3: 2200 | F3: =D3*E3 | G3: 3.50
A4: 2024-01-10 | B4: ETH | D4: 1.5 | E4: 2200 | F4: =D4*E4 | G4: 3.50
A5: 2024-01-10 | B5: ETH | D5: 1.5 | E5: 2200 | F5: =D5*E5 | G5: 3.50
A6: 2024-01-10 | B6: ETH | D6: 1.5 | E6: 2200 | F6: =D6*E6 | G6: 3.50
A7: 2024-01-10 | B7: ETH | D7: 1.5 | E7: 2200 | F7: =D7*E7 | G7: 3.50
A8: 2024-01-10 | B8: ETH | D8: 1.5 | E8: 2200 | F8: =D8*E8 | G8: 3.50
A9: 2024-01-10 | B9: ETH | D9: 1.5 | E9: 2200 | F9: =D9*E9 | G9: 3.50
A10: 2024-01-10 | B10: ETH | D10: 1.5 | E10: 2200 | F10: =D10*E10 | G10: 3.50
A11: 2024-01-10 | B11: ETH | D11: 1.5 | E11: 2200 | F11: =D11*E11 | G11: 3.50
A12: 2024-01-10 | B12: ETH | D12: 1.5 | E12: 2200 | F12: =D12*E12 | G12: 3.50
A13: 2024-01-10 | B13: ETH | D13: 1.5 | E13: 2200 | F13: =D13*E13 | G13: 3.50
... A21: 2024-01-10 | B21: ETH | D21: 1.5 | E21: 2200 | F21: =D21*E21 | G21: 3.50

Sheet Allocation
A1: Coin | B1: Value $ | C1: Allocation % | D1: Category
A2: Bitcoin | B2: 21000 | C2: 45
A3: Bitcoin | B3: 21000 | C3: 45
A4: Bitcoin | B4: 21000 | C4: 45
A5: Bitcoin | B5: 21000 | C5: 45
A6: Bitcoin | B6: 21000 | C6: 45
A7: Bitcoin | B7: 21000 | C7: 45
A8: Bitcoin | B8: 21000 | C8: 45
A9: Bitcoin | B9: 21000 | C9: 45
A10: Bitcoin | B10: 21000 | C10: 45
A11: Bitcoin | B11: 21000 | C11: 45

Sheet Reports
A1: Reports — Auto-Generated
A3: Portfolio Summary
A4: Total Invested | B4: =SUM(Holdings!D:D)
A5: Current Value | B5: =SUMPRODUCT(Holdings!C:C,Holdings!E:E)
A6: Total P&L | B6: =SUMPRODUCT(Holdings!C:C,Holdings!E:E)-SUM(Holdings!D:D)
