Workbook

Sheet Dashboard
A1: Stock Trading Journal & P&L
A3: Total Trades | B3: Win Rate % | C3: Net P&L $ | D3: Avg Win $
A4: =COUNTA(Trades!A:A)-1 | B4: =TEXT(COUNTIF(Trades!I:I,"Win")/COUNTA(Trades!A:A),"0.0%") | C4: =SUM(Trades!H:H) | D4: =AVERAGEIF(Trades!I:I,"Win",Trades!H:H)

Sheet Trades
A1: Date | B1: Ticker | C1: Direction | D1: Entry $ | E1: Exit $ | F1: Shares | G1: P&L $ | H1: P&L % | I1: Result | J1: Setup
A2: 2024-01-15 | B2: AAPL | D2: 175 | E2: 182 | F2: 20 | G2: =(E2-D2)*F2 | H2: =TEXT((E2-D2)/D2,"0.0%")
A3: 2024-01-15 | B3: AAPL | D3: 175 | E3: 182 | F3: 20 | G3: =(E3-D3)*F3 | H3: =TEXT((E3-D3)/D3,"0.0%")
A4: 2024-01-15 | B4: AAPL | D4: 175 | E4: 182 | F4: 20 | G4: =(E4-D4)*F4 | H4: =TEXT((E4-D4)/D4,"0.0%")
A5: 2024-01-15 | B5: AAPL | D5: 175 | E5: 182 | F5: 20 | G5: =(E5-D5)*F5 | H5: =TEXT((E5-D5)/D5,"0.0%")
A6: 2024-01-15 | B6: AAPL | D6: 175 | E6: 182 | F6: 20 | G6: =(E6-D6)*F6 | H6: =TEXT((E6-D6)/D6,"0.0%")
A7: 2024-01-15 | B7: AAPL | D7: 175 | E7: 182 | F7: 20 | G7: =(E7-D7)*F7 | H7: =TEXT((E7-D7)/D7,"0.0%")
A8: 2024-01-15 | B8: AAPL | D8: 175 | E8: 182 | F8: 20 | G8: =(E8-D8)*F8 | H8: =TEXT((E8-D8)/D8,"0.0%")
A9: 2024-01-15 | B9: AAPL | D9: 175 | E9: 182 | F9: 20 | G9: =(E9-D9)*F9 | H9: =TEXT((E9-D9)/D9,"0.0%")
A10: 2024-01-15 | B10: AAPL | D10: 175 | E10: 182 | F10: 20 | G10: =(E10-D10)*F10 | H10: =TEXT((E10-D10)/D10,"0.0%")
A11: 2024-01-15 | B11: AAPL | D11: 175 | E11: 182 | F11: 20 | G11: =(E11-D11)*F11 | H11: =TEXT((E11-D11)/D11,"0.0%")
A12: 2024-01-15 | B12: AAPL | D12: 175 | E12: 182 | F12: 20 | G12: =(E12-D12)*F12 | H12: =TEXT((E12-D12)/D12,"0.0%")
A13: 2024-01-15 | B13: AAPL | D13: 175 | E13: 182 | F13: 20 | G13: =(E13-D13)*F13 | H13: =TEXT((E13-D13)/D13,"0.0%")
... A26: 2024-01-15 | B26: AAPL | D26: 175 | E26: 182 | F26: 20 | G26: =(E26-D26)*F26 | H26: =TEXT((E26-D26)/D26,"0.0%")

Sheet Weekly Review
A1: Week | B1: Trades | C1: Wins | D1: Losses | E1: Net P&L $ | F1: Win Rate | G1: Lessons
A2: Week 3 - Jan | B2: 8 | C2: 5 | D2: 3 | E2: 480 | F2: =TEXT(C2/B2,"0%") | G2: Cut losses faster on earnings trades
A3: Week 3 - Jan | B3: 8 | C3: 5 | D3: 3 | E3: 480 | F3: =TEXT(C3/B3,"0%") | G3: Cut losses faster on earnings trades
A4: Week 3 - Jan | B4: 8 | C4: 5 | D4: 3 | E4: 480 | F4: =TEXT(C4/B4,"0%") | G4: Cut losses faster on earnings trades
A5: Week 3 - Jan | B5: 8 | C5: 5 | D5: 3 | E5: 480 | F5: =TEXT(C5/B5,"0%") | G5: Cut losses faster on earnings trades
A6: Week 3 - Jan | B6: 8 | C6: 5 | D6: 3 | E6: 480 | F6: =TEXT(C6/B6,"0%") | G6: Cut losses faster on earnings trades
A7: Week 3 - Jan | B7: 8 | C7: 5 | D7: 3 | E7: 480 | F7: =TEXT(C7/B7,"0%") | G7: Cut losses faster on earnings trades
A8: Week 3 - Jan | B8: 8 | C8: 5 | D8: 3 | E8: 480 | F8: =TEXT(C8/B8,"0%") | G8: Cut losses faster on earnings trades
A9: Week 3 - Jan | B9: 8 | C9: 5 | D9: 3 | E9: 480 | F9: =TEXT(C9/B9,"0%") | G9: Cut losses faster on earnings trades
A10: Week 3 - Jan | B10: 8 | C10: 5 | D10: 3 | E10: 480 | F10: =TEXT(C10/B10,"0%") | G10: Cut losses faster on earnings trades
A11: Week 3 - Jan | B11: 8 | C11: 5 | D11: 3 | E11: 480 | F11: =TEXT(C11/B11,"0%") | G11: Cut losses faster on earnings trades
A12: Week 3 - Jan | B12: 8 | C12: 5 | D12: 3 | E12: 480 | F12: =TEXT(C12/B12,"0%") | G12: Cut losses faster on earnings trades
A13: Week 3 - Jan | B13: 8 | C13: 5 | D13: 3 | E13: 480 | F13: =TEXT(C13/B13,"0%") | G13: Cut losses faster on earnings trades

Sheet Setup Analysis
A1: Setup | B1: Total Trades | C1: Wins | D1: Win Rate | E1: Avg P&L $ | F1: Best Trade $
A2: Breakout | B2: 24 | C2: 16 | D2: =TEXT(C2/B2,"0%") | E2: 85 | F2: 540
A3: Breakout | B3: 24 | C3: 16 | D3: =TEXT(C3/B3,"0%") | E3: 85 | F3: 540
A4: Breakout | B4: 24 | C4: 16 | D4: =TEXT(C4/B4,"0%") | E4: 85 | F4: 540
A5: Breakout | B5: 24 | C5: 16 | D5: =TEXT(C5/B5,"0%") | E5: 85 | F5: 540
A6: Breakout | B6: 24 | C6: 16 | D6: =TEXT(C6/B6,"0%") | E6: 85 | F6: 540
A7: Breakout | B7: 24 | C7: 16 | D7: =TEXT(C7/B7,"0%") | E7: 85 | F7: 540
A8: Breakout | B8: 24 | C8: 16 | D8: =TEXT(C8/B8,"0%") | E8: 85 | F8: 540
A9: Breakout | B9: 24 | C9: 16 | D9: =TEXT(C9/B9,"0%") | E9: 85 | F9: 540

Sheet Annual P&L
A1: Reports — Auto-Generated
A3: Trading Performance
A4: Total Trades | B4: =COUNTA(Trades!A:A)-1
A5: Total Wins | B5: =COUNTIF(Trades!I:I,"Win")
A6: Net P&L | B6: =SUM(Trades!G:G)
