Workbook

Sheet Dashboard
A1: Email Marketing Campaign Tracker
A3: Subscribers | B3: Avg Open Rate | C3: Avg CTR | D3: Total Revenue
A4: =MAX(Campaigns!D:D) | B4: =AVERAGE(Campaigns!F:F) | C4: =AVERAGE(Campaigns!G:G) | D4: =SUM(Campaigns!I:I)

Sheet Campaigns
A1: Date | B1: Subject Line | C1: Type | D1: Sent To | E1: Opens | F1: Open Rate % | G1: CTR % | H1: Unsubscribes | I1: Revenue $
A2: 2024-01-15 | B2: The #1 mistake new investors make | D2: 2450 | E2: 637 | F2: =TEXT(E2/D2,"0.0%") | G2: 3.2 | H2: 4 | I2: 380
A3: 2024-01-15 | B3: The #1 mistake new investors make | D3: 2450 | E3: 637 | F3: =TEXT(E3/D3,"0.0%") | G3: 3.2 | H3: 4 | I3: 380
A4: 2024-01-15 | B4: The #1 mistake new investors make | D4: 2450 | E4: 637 | F4: =TEXT(E4/D4,"0.0%") | G4: 3.2 | H4: 4 | I4: 380
A5: 2024-01-15 | B5: The #1 mistake new investors make | D5: 2450 | E5: 637 | F5: =TEXT(E5/D5,"0.0%") | G5: 3.2 | H5: 4 | I5: 380
A6: 2024-01-15 | B6: The #1 mistake new investors make | D6: 2450 | E6: 637 | F6: =TEXT(E6/D6,"0.0%") | G6: 3.2 | H6: 4 | I6: 380
A7: 2024-01-15 | B7: The #1 mistake new investors make | D7: 2450 | E7: 637 | F7: =TEXT(E7/D7,"0.0%") | G7: 3.2 | H7: 4 | I7: 380
A8: 2024-01-15 | B8: The #1 mistake new investors make | D8: 2450 | E8: 637 | F8: =TEXT(E8/D8,"0.0%") | G8: 3.2 | H8: 4 | I8: 380
A9: 2024-01-15 | B9: The #1 mistake new investors make | D9: 2450 | E9: 637 | F9: =TEXT(E9/D9,"0.0%") | G9: 3.2 | H9: 4 | I9: 380
A10: 2024-01-15 | B10: The #1 mistake new investors make | D10: 2450 | E10: 637 | F10: =TEXT(E10/D10,"0.0%") | G10: 3.2 | H10: 4 | I10: 380
A11: 2024-01-15 | B11: The #1 mistake new investors make | D11: 2450 | E11: 637 | F11: =TEXT(E11/D11,"0.0%") | G11: 3.2 | H11: 4 | I11: 380
A12: 2024-01-15 | B12: The #1 mistake new investors make | D12: 2450 | E12: 637 | F12: =TEXT(E12/D12,"0.0%") | G12: 3.2 | H12: 4 | I12: 380
A13: 2024-01-15 | B13: The #1 mistake new investors make | D13: 2450 | E13: 637 | F13: =TEXT(E13/D13,"0.0%") | G13: 3.2 | H13: 4 | I13: 380
... A21: 2024-01-15 | B21: The #1 mistake new investors make | D21: 2450 | E21: 637 | F21: =TEXT(E21/D21,"0.0%") | G21: 3.2 | H21: 4 | I21: 380

Sheet List Growth
A1: Month | B1: Start Size | C1: New Subs | D1: Unsubs | E1: End Size | F1: Net Growth
A2: January 2024 | B2: 2300 | C2: 198 | D2: 34 | E2: =C2+D2-E2 | F2: =D2-E2
A3: January 2024 | B3: 2300 | C3: 198 | D3: 34 | E3: =C3+D3-E3 | F3: =D3-E3
A4: January 2024 | B4: 2300 | C4: 198 | D4: 34 | E4: =C4+D4-E4 | F4: =D4-E4
A5: January 2024 | B5: 2300 | C5: 198 | D5: 34 | E5: =C5+D5-E5 | F5: =D5-E5
A6: January 2024 | B6: 2300 | C6: 198 | D6: 34 | E6: =C6+D6-E6 | F6: =D6-E6
A7: January 2024 | B7: 2300 | C7: 198 | D7: 34 | E7: =C7+D7-E7 | F7: =D7-E7
A8: January 2024 | B8: 2300 | C8: 198 | D8: 34 | E8: =C8+D8-E8 | F8: =D8-E8
A9: January 2024 | B9: 2300 | C9: 198 | D9: 34 | E9: =C9+D9-E9 | F9: =D9-E9
A10: January 2024 | B10: 2300 | C10: 198 | D10: 34 | E10: =C10+D10-E10 | F10: =D10-E10
A11: January 2024 | B11: 2300 | C11: 198 | D11: 34 | E11: =C11+D11-E11 | F11: =D11-E11
A12: January 2024 | B12: 2300 | C12: 198 | D12: 34 | E12: =C12+D12-E12 | F12: =D12-E12
A13: January 2024 | B13: 2300 | C13: 198 | D13: 34 | E13: =C13+D13-E13 | F13: =D13-E13

Sheet Segments
A1: Segment | B1: Size | C1: Avg Open % | D1: Best Campaign
A2: Buyers - Last 90 Days | B2: 340 | C2: 42 | D2: Product Launch Email
A3: Buyers - Last 90 Days | B3: 340 | C3: 42 | D3: Product Launch Email
A4: Buyers - Last 90 Days | B4: 340 | C4: 42 | D4: Product Launch Email
A5: Buyers - Last 90 Days | B5: 340 | C5: 42 | D5: Product Launch Email
A6: Buyers - Last 90 Days | B6: 340 | C6: 42 | D6: Product Launch Email
A7: Buyers - Last 90 Days | B7: 340 | C7: 42 | D7: Product Launch Email
A8: Buyers - Last 90 Days | B8: 340 | C8: 42 | D8: Product Launch Email
A9: Buyers - Last 90 Days | B9: 340 | C9: 42 | D9: Product Launch Email

Sheet Reports
A1: Reports — Auto-Generated
A3: Email Marketing Summary
A4: Emails Sent | B4: =COUNTA(Campaigns!A:A)-1
A5: Avg Open Rate | B5: =AVERAGE(Campaigns!F:F)
A6: Total Revenue | B6: =SUM(Campaigns!I:I)
